{
    "change_points_right": [
        [321.225,7.97134,569.486,-2.7876,1.54589,0.329857],
        [231.133,157.494,682.548,-1.14296,1.00109,-1.89602],
        [-77.3069,482.59,523.98,-1.74372,-0.200726,-1.37602],
        [-105.948,601.398,173.911,-2.39015,-0.206311,-1.52225],
        [-118.023,668.517,-105.539,-2.20681,-0.119449,-2.58369],
        [-132.427,620.664,-172.781,-2.37856,-0.125904,-3.09914]
    ],
    "change_points_left": [
        [-127.205,-584.918,-238.196,2.8373,-0.121059,1.07089],
        [-122.71,-575.238,-306.627,2.51576,-0.107987,0.866255],
        [-138.323,-591.564,-310.94,2.36108,0.0260682,0.861624],
        [-126.071,-676.698,-177.695,2.5211,-0.176558,1.30888],
        [-124.581,-752.295,-212.366,2.47183,-0.00239102,2.28396],
        [
            -114.815,
            -787.084,
            -272.797,
            2.58586,
            -0.0593751,
            2.28025
        ],
    [-109.053,-786.392,-273.619,2.5859,-0.05939,2.28026],
        [
            -114.815,
            -787.084,
            -272.797,
            2.58586,
            -0.0593751,
            2.28025
        ],
        [-91.7134,-874.126,-52.4004,2.24524,-0.0815834,2.11197],
        [-41.0751,-734.438,207.143,2.28154,0.145922,2.31647],
        [629.137,-161.689,590.811,1.6477,1.38221,2.1665],
        [-41.0751,-734.438,207.143,2.28154,0.145922,2.31647],
        [-127.205,-584.918,-238.196,2.8373,-0.121059,1.07089]]
}