{
    "change_points_right": [
        [
            320.871,
            8.02429,
            569.908,
            -2.77289,
            1.54682,
            -0.36409
        ],
        [
            231.133,
            157.494,
            682.548,
            -1.14296,
            1.00109,
            -1.89602
        ],
        [
            -77.3069,
            482.59,
            523.98,
            -1.74372,
            -0.200726,
            -1.37602
        ],
        [
            -105.948,
            601.398,
            173.911,
            -2.39015,
            -0.206311,
            -1.52225
        ],
        [
            -118.023,
            668.517,
            -105.539,
            -2.20681,
            -0.119449,
            -2.58369
        ],
        [
            -132.427,
            620.664,
            -172.781,
            -2.37856,
            -0.125904,
            -3.09914
        ]
    ],
    "change_points_left": [
        [
            -127.205,
            -584.918,
            -238.196,
            2.8373,
            -0.121059,
            1.07089
        ],
        [
            -122.71,
            -575.238,
            -306.627,
            2.51576,
            -0.107987,
            0.866255
        ],
        [
            -131.247,
            -597.281,
            -312.932,
            2.3609,
            0.025799,
            0.861613
        ],
        [
            -126.071,
            -676.698,
            -177.695,
            2.5211,
            -0.176558,
            1.30888
        ],
        [
            -124.581,
            -752.295,
            -212.366,
            2.47183,
            -0.00239102,
            2.28396
        ],
        [
            -123.951,
            -796.935,
            -267.617,
            2.47178,
            -0.00240316,
            2.28397
        ],
        [
            -108.192,
            -795.045,
            -270.908,
            2.47179,
            -0.00237977,
            2.28395
        ],
        [
            -123.951,
            -796.935,
            -267.617,
            2.47178,
            -0.00240316,
            2.28397
        ],
        [
            -91.7134,
            -874.126,
            -52.4004,
            2.24524,
            -0.0815834,
            2.11197
        ],
        [
            -41.0751,
            -734.438,
            207.143,
            2.28154,
            0.145922,
            2.31647
        ],
        [
            629.137,
            -161.689,
            590.811,
            1.6477,
            1.38221,
            2.1665
        ],
        [
            -41.0751,
            -734.438,
            207.143,
            2.28154,
            0.145922,
            2.31647
        ],
        [
            -127.205,
            -584.918,
            -238.196,
            2.8373,
            -0.121059,
            1.07089
        ]
    ]
}